LA LAINE SUR LE DOS ;LOTFI ACHOUR;Tunisie;DYS;2021;93
DREAMLANDS ;SARA DUNLOP;Royaume-Uni;COM;2020;114
TIMECODE ;JUANJO GIMENEZ;Espagne;DYS;2014;85
IMAGO ;RAYMUND RIBAY GUTIERREZ ;Philippines;AVE;2011;104
MADRE ;SIMON MESA SOTO ;Colombie;AVE;2014;66
LA JEUNE FILLE QUI DANSAIT AVEC LE DIABLE;JOAO PAULO MIRANDA MARIA;Brésil;POL;2019;129
APRES SUZANNE ;FELIX MOATI ;France;COM;2010;129
4:15 P.M. LA FIN DU MONDE ;CATALIN ROTARU & GABI VIRGINIA SARGA ;Roumanie;DYS;2021;115
IL SILENZIO ;FARNOOSH SAMADI & ALI ASGARI;Pakistan;POL;2008;94
FIGHT ON A SWEDISH BEACH!!;SIMON VAHLNE;Suède;COM;2011;171
37°4 S;AdrianoVALERIO;Italie;HIS;2019;136
BISHTAR AZ DO SAAT;AliASGARI;Iran;HIS;2014;60
CONDOM LEAD;Mohammed ABUNASSER;Palestine;COM;2017;142
LE FJORD DES BALEINES ;Gudmundur Arnar GUDMUNDSSON;Islande;AVE;2016;154
INSEKI TO IMPOTENCE;Omoi SASAKI;Japon;AVE;2015;186
MONT BLANC;Gilles COULIER;Belgique;HIS;2020;135
OLENA;Elzbieta BENKOWSKA;Pologne;AVE;2013;75
SAFE;Byoung-Gon MOON;Corée du Sud;POL;2017;143
THE CHAIR ;David GRAINGER;Suisse;AVE;2015;108
NIGHT SHIFT ;Zia MANDVIWALLA;Nouvelle Zélande;POL;2020;129
